order,name,category,mode,lat,lon,query,note
1,高輪ゲートウェイ駅,station,,35.634712,139.738191,,スタート
2,泉岳寺駅,station,walk,35.637752,139.739222,,
3,品川駅,via,train,35.627484,139.737765,,京急の通過駅
4,北品川駅,via,train,35.62223,139.739258,,京急の通過駅
5,新馬場駅,station,train,35.616511,139.741465,,京急本線で移動
6,旧東海道(品川宿),street,walk,35.62003,139.742106,品川宿,品川宿の街並み
7,台場小学校 品川区,ruins,walk,35.621048,139.743623,,台場小学校付近
8,八ツ山橋,landmark,walk,35.62432,139.737913,八ツ山橋,踏切付近
9,品川セントラルガーデン,park,walk,35.626249,139.741333,,
10,品川駅港南口,station,walk,35.62946,139.741456,,ゴール
